{"cameraMode":{"drawMode":0,"name":"Shaded","section":"Shading Mode"},"sceneLighting":true,"audioPlay":false,"sceneViewState":{"showFog":true,"showMaterialUpdate":false,"showSkybox":true,"showFlares":true,"showImageEffects":true,"showParticleSystems":true},"in2DMode":false,"pivot":{"x":0.4496753215789795,"y":-2.909198522567749,"z":-2.4405152797698976},"rotation":{"x":-0.19218336045742036,"y":0.5368570685386658,"z":-0.12712109088897706,"w":-0.8116085529327393},"size":17.123655319213868,"orthographic":false}